N	â‡Œ	60000
N	0!	60001
N	O!	60002
N	N!	60003
N	&comma;	60004
N	T!	60005
N	=	60006
N	â‰ˆ	60007
N	%	60008
N	M!	60009
N	Ã—	60010
N	V!	60011
N	+	60012
N	â€²	60013
N	-	60014
N	âˆ‚	60015
N	Â¯	60016
N	âˆ‘	60017
N	âˆˆ	60018
N	.	60019
N	âŠ†	60020
N	:=	60021
N	;	60022
N	â‰¤	60023
N	/	60024
N	E!	60025
N	â‰¥	60026
N	lim	60027
N	â†’	60028
N	|	60029
N	<	60030
N	âˆ¥	60031
N	>	60032
N	!	60033
N	â‹…	60034
N	âŸ¨	60035
N	âŸ©	60036
N	*	60037
N	âˆ˜	60038
N	âˆ«	60039
N	â‰¡	60040
N	W!	60041
N	E	60042
N	B	60043
N	Var	60044
N	âˆ¼	60045
N	:	60046
N	arg	60047
N	âŒŠ	60048
N	âŒ‹	60049
N	â†“	60050
N	â†‘	60051
N	â€ 	60052
N	âˆ‡	60053
N	âˆ®	60054
N	Â±	60055
N	âŠ–	60056
N	{	60057
N	âŠ•	60058
N	^	60059
N	cov	60060
N	var	60061
N	âŠ¤	60062
N	âŸ‚	60063
N	âˆ—	60064
N	~	60065
N	âŠ‚	60066
N	sup	60067
N	â‡”	60068
N	â‰«	60069
N	â‰ 	60070
N	âˆ€	60071
N	âˆ¨	60072
N	min	60073
N	max	60074
N	â‰ª	60075
N	â—	60076
N	âˆ£	60077
N	â‹ƒ	60078
N	âˆ	60079
N	â‡’	60080
N	def	60081
N	âˆ¬	60082
N	â†”	60083
N	Â¨	60084
N	Ë™	60085
N	sgn	60086
N	âˆ©	60087
N	âˆª	60088
N	âŠ™	60089
N	âˆ§	60090
N	det	60091
N	â‰ƒ	60092
N	â†¦	60093
N	lim inf	60094
N	lim sup	60095
N	}	60096
N	âŠ¢	60097
N	âˆƒ	60098
N	âŠ§	60099
N	(	60100
N	)	60101
N	âŠƒ	60102
N	âŸ¶	60103
N	âŸ¼	60104
N	â‰…	60105
N	âˆ‹	60106
N	âŸ	60107
N	âŠ—	60108
N	mod	60109
N	&rsqb;	60110
N	\	60111
N	âˆ–	60112
N	âˆ	60113
N	&lsqb;	60114
N	âŠ¥	60115
N	Diff	60116
N	â€¡	60117
N	â‹†	60118
N	rank	60119
N	span	60120
N	â†	60121
N	dim	60122
N	â‡†	60123
N	Ã·	60124
N	util	60125
N	Hom	60126
N	âŠŠ	60127
N	â‹–	60128
N	â‰º	60129
N	â‰ªÌ¸	60130
N	âŸ¹	60131
N	âˆ	60132
N	âˆ‰	60133
N	â‹‚	60134
N	trace	60135
N	argmax	60136
N	â‰¢	60137
N	GL	60138
N	Ai	60139
N	âˆ™	60140
N	â©	60141
N	P	60142
N	inf	60143
N	ğ‘¢	60144
N	ğ‘‘	60145
N	SO	60146
N	Spin	60147
N	Sp	60148
N	ncut	60149
N	nassoc	60150
N	Sym	60151
N	â†ª	60152
N	â† 	60153
N	âŠ”	60154
N	Categorical	60155
N	mse	60156
N	âŸµ	60157
N	â‰	60158
N	âª°	60159
N	Arg	60160
N	atan2	60161
N	âª¯	60162
N	âŠ©	60163
N	â‹€	60164
N	â‹	60165
N	â©¾	60166
N	VaR	60167
N	TVaR	60168
N	Trans	60169
N	Rot	60170
N	St	60171
N	cont	60172
N	â‰½	60173
N	Ï¶	60174
N	â‰»	60175
N	â–·	60176
N	â‡	60177
N	âŒ‰	60178
N	||	60179
N	â	60180
N	row	60181
N	col	60182
N	Gamma	60183
N	SymDir	60184
N	Mult	60185
N	Tr	60186
N	Dir	60187
N	supp	60188
N	exsec	60189
N	excsc	60190
N	versin	60191
N	AND	60192
N	NOT	60193
N	STATE	60194
N	â©½	60195
N	Pr	60196
N	Li	60197
N	InverseGamma	60198
N	tr	60199
N	L	60200
N	d	60201
N	âŠ‡	60202
N	â†¾	60203
N	Tor	60204
N	Spec	60205
N	esssup	60206
N	f	60207
N	&	60208
N	$	60209
N	âŒˆ	60210
N	plim	60211
N	ğ‘	60212
N	score	60213
N	âŸº	60214
N	Im	60215
N	âˆ´	60216
N	âŠ‘	60217
N	0	60218
N	sech	60219
N	sinh	60220
N	arsinh	60221
N	ğ‘€	60222
N	â‰œ	60223
N	ğ½	60224
N	â‹ˆ	60225
N	Models	60226
N	Fit	60227
N	Ran	60228
N	ğ’	60229
N	Maps	60230
N	â‡„	60231
N	Proj	60232
N	Bl	60233
N	Riesz	60234
N	Alb	60235
N	Pic	60236
N	Ë‡	60237
N	ord	60238
N	length	60239
N	Cl	60240
N	Div	60241
N	deg	60242
N	id	60243
N	Id	60244
N	â‹—	60245
N	updiagonalstrike	60246
N	âˆ­	60247
N	â†—	60248
N	â†˜	60249
N	ad	60250
N	Der	60251
N	cl	60252
N	Det	60253
N	diag	60254
N	str	60255
N	erfc	60256
N	erf	60257
N	Mode	60258
N	skewness	60259
N	ğœƒ	60260
N	lcm	60261
N	Cov	60262
N	U	60263
N	âŠ 	60264
N	rad	60265
N	â‰®	60266
N	â‰°	60267
N	boxcar	60268
N	â‹Š	60269
N	Re	60270
N	âŠˆ	60271
N	card	60272
N	ğ‘›	60273
N	nullity	60274
N	pos	60275
N	nec	60276
N	âˆµ	60277
N	Volume	60278
N	Area	60279
N	â‰±	60280
N	arctanh	60281
N	grad	60282
N	â‰…Ì¸	60283
N	club	60284
N	âˆ“	60285
N	âˆ‚Ì¸	60286
N	NH	60287
N	â†–	60288
N	IQR	60289
N	div	60290
N	End	60291
N	Ad	60292
N	PSL	60293
N	â‰²	60294
N	index	60295
N	succ	60296
N	vol	60297
N	arccosh	60298
N	gr	60299
N	zeros	60300
N	rect	60301
N	sinc	60302
N	tri	60303
N	corr	60304
N	ker	60305
N	ran	60306
N	â†”Ì¸	60307
N	â‹™	60308
N	ec	60309
N	MSE	60310
N	III	60311
N	comb	60312
N	rep	60313
N	âŸ·	60314
N	MTF	60315
N	ğ‘£	60316
N	ğ‘¤	60317
N	ğ‘—	60318
N	ğ‘˜	60319
N	ğ‘™	60320
N	ğ‘–	60321
N	ğ‘š	60322
N	ğ‘“	60323
N	ğ‘”	60324
N	â„	60325
N	Ext	60326
N	Ass	60327
N	minimize	60328
N	ğ‘¥	60329
N	Quantize	60330
N	left	60331
N	right	60332
N	csch	60333
N	gd	60334
N	Disc	60335
N	cofactor	60336
N	probit	60337
N	logit	60338
N	Ch	60339
N	Ma	60340
N	âŠ	60341
N	ne	60342
N	dom	60343
N	ğ·	60344
N	se	60345
N	ğ’Ÿ	60346
N	V	60347
N	H	60348
N	lcp	60349
N	LCP	60350
N	RMQ	60351
N	â–³	60352
N	pcr	60353
N	add	60354
N	aut	60355
N	fix	60356
N	Obj	60357
N	inv	60358
N	Br	60359
N	let	60360
N	in	60361
N	FV	60362
N	char	60363
N	âˆ¤	60364
N	â†¿	60365
N	â‡‚	60366
N	round	60367
N	argmin	60368
N	ğœ€	60369
N	ğ›¼	60370
N	ğ›½	60371
N	PGL	60372
N	conv	60373
N	maximize	60374
N	si	60375
N	sn	60376
N	cn	60377
N	dn	60378
N	Î”	60379
N	core	60380
N	âŠ›	60381
N	depth	60382
N	rev	60383
N	âŠ¬	60384
N	ğ‘	60385
N	ğœ‡	60386
N	entropy	60387
N	GKdim	60388
N	adj	60389
N	âŠ¨	60390
N	Exalcomm	60391
N	VAR	60392
N	mr	60393
N	â‰Š	60394
N	curl	60395
N	â‡	60396
N	â†›	60397
N	âª†	60398
N	Q	60399
N	Ei	60400
N	â–½	60401
N	âŠ§Ì¸	60402
N	log	60403
N	im	60404
N	â‡‹	60405
N	Â´	60406
N	`	60407
N	Ë˜	60408
N	sh	60409
N	ch	60410
N	th	60411
N	coth	60412
N	argsh	60413
N	argch	60414
N	argth	60415
N	âˆš	60416
N	âˆ”	60417
N	â‹‡	60418
N	âŠŸ	60419
N	âŠ¡	60420
N	âŠ˜	60421
N	âŠ	60422
N	âŠš	60423
N	âˆ‹Ì¸	60424
N	â‹’	60425
N	âŠ“	60426
N	â‹“	60427
N	âŠ	60428
N	â‹	60429
N	âŠ	60430
N	â‹‘	60431
N	âŠ	60432
N	âŠ‰	60433
N	âŠ‹	60434
N	âŠ’	60435
N	â«…	60436
N	â«…Ì¸	60437
N	â«‹	60438
N	â«†	60439
N	â«†Ì¸	60440
N	â«Œ	60441
N	â‰‘	60442
N	â‰	60443
N	âˆ½	60444
N	â‰Œ	60445
N	â‰‚	60446
N	â‰‡	60447
N	â‰	60448
N	â‹˜	60449
N	â‹˜Ì¸	60450
N	â‰¯	60451
N	â‰«Ì¸	60452
N	â‹™Ì¸	60453
N	âª‡	60454
N	â‰¦	60455
N	â‰¦Ì¸	60456
N	â‰¨	60457
N	âªˆ	60458
N	â‰§	60459
N	â‰§Ì¸	60460
N	â‰©	60461
N	â‰¶	60462
N	â‹š	60463
N	âª‹	60464
N	â‰·	60465
N	â‹›	60466
N	âªŒ	60467
N	â©½Ì¸	60468
N	âª•	60469
N	â©¾Ì¸	60470
N	âª–	60471
N	â‹¦	60472
N	âª…	60473
N	âª‰	60474
N	â‰³	60475
N	â‹§	60476
N	âªŠ	60477
N	âŠ€	60478
N	â‹ 	60479
N	âªµ	60480
N	âŠ	60481
N	â‹¡	60482
N	âª¶	60483
N	â‰¼	60484
N	â‹	60485
N	â‹Ÿ	60486
N	â‰¾	60487
N	â‹¨	60488
N	âª·	60489
N	âª¹	60490
N	â‰¿	60491
N	â‹©	60492
N	âª¸	60493
N	âªº	60494
N	âˆ¦	60495
N	â‹„	60496
N	â—‹	60497
N	â—€	60498
N	â–¶	60499
N	â‹	60500
N	â‹	60501
N	R	60502
N	âŠ£	60503
N	âŠª	60504
N	âŠ®	60505
N	âŠ­	60506
N	âŠ¯	60507
N	â‡›	60508
N	â‡š	60509
N	â‡	60510
N	â‡	60511
N	âŸ¸	60512
N	â‡	60513
N	â‡‘	60514
N	â‡“	60515
N	â‡•	60516
N	â†š	60517
N	â†®	60518
N	â†•	60519
N	â†™	60520
N	â‡€	60521
N	â†¼	60522
N	â†½	60523
N	â‡ƒ	60524
N	â†¶	60525
N	â†º	60526
N	â†°	60527
N	â‡ˆ	60528
N	â‡‰	60529
N	â†£	60530
N	â†¬	60531
N	â†·	60532
N	â†»	60533
N	â†±	60534
N	â‡Š	60535
N	â‡‡	60536
N	â†¢	60537
N	â†«	60538
N	â†©	60539
N	âŠ¸	60540
N	â†­	60541
N	â†	60542
N	â†	60543
N	âŒ£	60544
N	âŒ¢	60545
N	â‰€	60546
N	â‹‰	60547
N	â‹‹	60548
N	â‹Œ	60549
N	â‰–	60550
N	â‰—	60551
N	â‰	60552
N	â‰	60553
N	â‰“	60554
N	â‰’	60555
N	âŠº	60556
N	âŠ¼	60557
N	âŠ»	60558
N	â‰¬	60559
N	â‹”	60560
N	â‹ª	60561
N	â‹«	60562
N	â‹¬	60563
N	â‹­	60564
N	ğ›¾	60565
N	ğ‘‡	60566
N	â¨Œ	60567
N	â€¦	60568
N	image	60569
N	Bi	60570
N	Ric	60571
N	argmaxminlocal	60572
N	argmaxlocal	60573
N	arctan2	60574
N	arctan	60575
N	âˆÌ¸	60576
N	pmi	60577
N	I	60578
N	npmi	60579
N	gcd	60580
N	Tot	60581
N	vert	60582
N	PP	60583
N	Res	60584
N	LMI	60585
N	Nov	60586
N	Bin	60587
N	Beta	60588
N	Aut	60589
N	â†’Ì¸	60590
N	â†Ì¸	60591
N	sat	60592
N	unsat	60593
N	colog	60594
N	T	60595
N	exp	60596
N	len	60597
N	li	60598
N	sign	60599
N	ğ´	60600
N	ğµ	60601
N	ğ¶	60602
N	Ïµ	60603
N	sr	60604
N	psin	60605
N	st	60606
N	Coh	60607
N	eff	60608
N	ğ›¿	60609
N	Cor	60610
N	â‡’Ì¸	60611
N	vl	60612
N	Ker	60613
N	Vol	60614
N	ave	60615
N	Sc	60616
N	Perm	60617
N	Gode	60618
N	coker	60619
N	int	60620
N	arcosh	60621
N	cr	60622
N	Prob	60623
N	Supp	60624
N	Ann	60625
N	Th	60626
N	perm	60627
N	per	60628
N	artanh	60629
N	ht	60630
N	pd	60631
N	ann	60632
N	Mod	60633
N	gk	60634
N	NP	60635
N	DTIME	60636
N	AGM	60637
N	SL	60638
N	arcsinh	60639
N	snh	60640
N	erfcx	60641
N	traces	60642
N	#	60643
N	coni	60644
N	recc	60645
N	nil	60646
N	Corr	60647
N	M	60648
N	ğ€	60649
N	e	60650
N	polymerization	60651
N	slowfracture	60652
N	stdev	60653
N	PRESS	60654
N	cor	60655
N	KF	60656
N	D	60657
N	diam	60658
N	Reg	60659
N	sq	60660
N	dg	60661
N	âˆ	60662
N	aHF	60663
N	Gal	60664
N	A	60665
N	wr	60666
N	NGD	60667
N	null	60668
N	vec	60669
N	qri	60670
N	ri	60671
N	DE9IM	60672
N	bin	60673
N	lift	60674
N	MISE	60675
N	AMISE	60676
N	PI	60677
N	SCV	60678
N	MIAE	60679
N	MUAE	60680
N	MKL	60681
N	MH	60682
N	relint	60683
N	epi	60684
N	Ind	60685
N	Conv	60686
N	K	60687
N	BGM	60688
N	dCov	60689
N	dVar	60690
N	dCor	60691
N	X	60692
N	PerfMatch	60693
N	pf	60694
N	co	60695
N	Î˜	60696
N	Qcoh	60697
N	Funct	60698
N	Add	60699
N	ip	60700
N	i	60701
N	ğ”¼	60702
N	maj	60703
N	w	60704
N	ğœ‹	60705
N	Ave	60706
N	Majority	60707
N	Si	60708
N	angle	60709
N	etr	60710
N	ğ¼	60711
N	Ab	60712
N	arsech	60713
N	Ob	60714
N	Hz	60715
N	Ack	60716
N	Succ	60717
N	Iter	60718
N	volume	60719
N	ev	60720
N	F	60721
N	SOD	60722
N	FAD	60723
N	CAT	60724
N	dSkew	60725
N	Median	60726
N	AveP	60727
N	rel	60728
N	interp	60729
N	MAP	60730
N	arccos	60731
N	floor	60732
N	crc	60733
N	S	60734
N	Iso	60735
N	Meas	60736
N	cis	60737
N	â„’	60738
N	ğ‘ƒ	60739
N	t	60740
N	arcsch	60741
N	arcoth	60742
N	cosh	60743
N	tanh	60744
N	constant	60745
N	pa	60746
N	Pa	60747
N	Odds	60748
N	Kurt	60749
N	sqsum	60750
N	ab	60751
N	ln	60752
N	Span	60753
N	Out	60754
N	antilog	60755
N	Log	60756
N	BER	60757
N	Quot	60758
N	Jac	60759
N	3	60760
N	ind	60761
N	Haus	60762
N	DSPACE	60763
N	prob	60764
N	Set	60765
N	ğœ‚	60766
N	Z	60767
N	pt	60768
N	op	60769
N	FisherZ	60770
N	C	60771
N	Sl	60772
N	Gl	60773
N	Ti	60774
N	frac	60775
N	vercosin	60776
N	coversin	60777
N	cvs	60778
N	covercosin	60779
N	haversin	60780
N	sem	60781
N	havercosin	60782
N	hacoversin	60783
N	hacovercosin	60784
N	excosec	60785
N	mesh	60786
N	BHN	60787
N	HBW	60788
N	lowerbox	60789
N	upperbox	60790
N	box	60791
N	Def	60792
N	Ï•	60793
N	ğ‘Š	60794
N	MaximumFlowValue	60795
N	codim	60796
N	ns	60797
N	sc	60798
N	sd	60799
N	dc	60800
N	ds	60801
N	cs	60802
N	cd	60803
N	pq	60804
N	qr	60805
N	pr	60806
N	nd	60807
N	nc	60808
N	Inn	60809
N	âˆ„	60810
N	aggr	60811
N	simil	60812
N	Fun	60813
N	colim	60814
N	uxp	60815
N	Ham	60816
N	gl	60817
N	Cin	60818
N	Ci	60819
N	Ta	60820
N	Dom	60821
N	N	60822
N	Support	60823
N	TV	60824
N	red	60825
N	lc	60826
N	ğœ	60827
N	âˆ¼Ì¸	60828
N	coim	60829
N	lev	60830
N	CH	60831
N	Bernoulli	60832
N	Binomial	60833
N	osc	60834
N	dist	60835
N	sec	60836
N	Diag	60837
N	GF	60838
N	sin	60839
N	rk	60840
N	nul	60841
N	ğœŒ	60842
N	rni	60843
N	Vec	60844
N	refl	60845
N	vnil	60846
N	vcons	60847
N	El	60848
N	csgn	60849
N	GrpRng	60850
N	Grp	60851
N	GrpUnits	60852
N	re	60853
N	ğœ‘	60854
N	â„™	60855
N	spec	60856
N	ar	60857
N	func	60858
N	ğœ	60859
N	spectrogram	60860
N	ğœ’	60861
N	Char	60862
N	sock	60863
N	FA	60864
N	sig	60865
N	LS	60866
N	PC	60867
N	SU	60868
N	Brainweight	60869
N	0.12	60870
N	Bodyweight	60871
N	vpr	60872
N	arccot	60873
N	color	60874
N	smoothstep	60875
N	smootherstep	60876
N	sexp	60877
N	Op	60878
N	MAD	60879
N	distance	60880
N	Int	60881
N	Inv	60882
N	atan	60883
N	sqrt	60884
N	MSD	60885
N	link	60886
N	O	60887
N	Pin	60888
N	ap	60889
N	ğ¹	60890
N	PSU	60891
N	PSp	60892
N	Jacobian	60893
N	ess	60894
N	G	60895
N	somb	60896
N	vers	60897
N	ver	60898
N	crd	60899
N	arccis	60900
N	âŠ„	60901
N	abs	60902
N	bel	60903
N	pl	60904
N	Bun	60905
N	ğ‘¦	60906
N	Lan	60907
N	plus	60908
N	mult	60909
N	pred	60910
N	minus	60911
N	multiply	60912
N	inc	60913
N	con	60914
N	val	60915
N	true	60916
N	false	60917
N	predicate	60918
N	and	60919
N	or	60920
N	not	60921
N	xor	60922
N	if	60923
N	IsZero	60924
N	LEQ	60925
N	EQ	60926
N	pair	60927
N	first	60928
N	second	60929
N	isnil	60930
N	cons	60931
N	head	60932
N	tail	60933
N	init	60934
N	value	60935
N	const	60936
N	extract	60937
N	samenum	60938
N	then	60939
N	else	60940
N	divide1	60941
N	divide	60942
N	convert	60943
N	neg	60944
N	OneZero	60945
N	OneZ	60946
N	divZ	60947
N	Unknown	60948
N	Vect	60949
N	Lie	60950
N	ğğ«ğ¨ğ£	60951
N	Hol	60952
N	Bez	60953
N	charpoly	60954
N	CNOT	60955
N	DMF	60956
N	td	60957
N	Trace	60958
N	Frob	60959
N	m	60960
N	Rank	60961
N	Real	60962
N	sl	60963
N	vars	60964
N	none	60965
N	sink	60966
N	equate	60967
N	ask	60968
N	Î¦	60969
N	âŠ¢Ì¸	60970
N	Ber	60971
N	ğ»	60972
N	ğ‘…	60973
N	Ls	60974
N	â‹¢	60975
N	VIF	60976
N	Met	60977
N	Aim	60978
N	MGMT	60979
N	std	60980
N	CD	60981
N	MC	60982
N	QMC	60983
N	tc	60984
N	calculate	60985
N	la	60986
N	Cat	60987
N	QB	60988
N	cot	60989
N	Alt	60990
N	LUB	60991
N	Adj	60992
N	GP	60993
N	MCG	60994
N	ObservedNumber	60995
N	W	60996
N	SPACE	60997
N	BetaBin	60998
N	NB	60999
N	DirMult	61000
N	Lomax	61001
N	CG	61002
N	ğ‘†	61003
N	dt	61004
N	Fl	61005
N	Free	61006
N	Forget	61007
N	otherwise	61008
N	copysign	61009
N	ğ‘¡	61010
N	u	61011
N	â„‹	61012
N	MU	61013
N	standard	61014
N	Poisson	61015
N	RSS	61016
N	Prim	61017
N	k	61018
N	PureState	61019
N	so	61020
N	BSp	61021
N	even	61022
N	odd	61023
N	Null	61024
N	Hull	61025
N	Dirichlet	61026
N	el	61027
N	Logistic	61028
N	DS	61029
N	Minority	61030
N	â‰‰	61031
N	ğœ”	61032
N	fact	61033
N	remainder	61034
N	hanoi	61035
N	cf	61036
N	energy	61037
N	fast	61038
N	alldifferent	61039
N	ğ‘	61040
N	âˆ¥Ì¸	61041
N	trunc	61042
N	Or	61043
N	BR	61044
N	softmax	61045
N	EV	61046
N	aff	61047
N	IF	61048
N	Lk	61049
N	âŸ‚Ì¸	61050
N	argminmaxlocal	61051
N	MSPE	61052
N	graph	61053
N	cos	61054
N	Cent	61055
N	Mor	61056
N	Tanc	61057
N	HeunB	61058
N	iso	61059
N	Sinhc	61060
N	EllipticK	61061
N	OPT	61062
N	holim	61063
N	prox	61064
N	Frac	61065
N	âŠ…	61066
N	l	61067
N	Map	61068
N	mtanh	61069
N	Gr	61070
N	width	61071
N	intersect	61072
N	cmpn	61073
N	Coshc	61074
N	ğ‘ 	61075
N	ğœ„	61076
N	&quest;	61077
N	Microscale	61078
N	Mutation	61079
N	Rand	61080
N	tan	61081
N	tanhc	61082
N	kurtosis	61083
N	Dist	61084
N	signum	61085
N	Rep	61086
N	âˆ£Ì¸	61087
N	SH	61088
N	CDiv	61089
N	CCl	61090
N	Pos	61091
N	RHom	61092
N	robust	61093
N	cost	61094
N	evol	61095
N	Evol	61096
N	Nor	61097
N	â–¡	61098
N	BC	61099
N	random	61100
N	GD	61101
N	Rc	61102
N	Fix	61103
N	FFT	61104
N	Pe	61105
N	Autoreduce	61106
N	CompleteSystem	61107
N	Lcoef	61108
N	Reduce	61109
N	Cr	61110
N	Mot	61111
N	gset	61112
N	xmath	61113
N	math	61114
N	canonym	61115
N	name	61116
N	BV	61117
N	eval	61118
N	apply	61119
N	strategy	61120
N	lazy	61121
N	eager	61122
N	normal	61123
N	whnf	61124
N	PN	61125
N	PNF	61126
N	PNFNS	61127
N	PNFNF	61128
N	PNS	61129
N	ğ‘Ÿ	61130
N	Griff	61131
N	Rat	61132
N	excess	61133
N	1	61134
N	Bias	61135
N	ExpectedLoss	61136
N	Alph	61137
N	Pref	61138
N	fnchypg	61139
N	mfnchypg	61140
N	hypg	61141
N	Len	61142
N	prem2	61143
N	rem	61144
N	prem	61145
N	median	61146
N	Morse	61147
N	Func	61148
N	Cotor	61149
N	Sha	61150
N	ğ¦	61151
N	ğ¦ğ¢	61152
N	ğ¨	61153
N	ğ¨ğ¢	61154
N	ğ¬	61155
N	ğ¬ğ¢	61156
N	ğ	61157
N	ğğ¢	61158
N	ğŸ	61159
N	ğŸğ¢	61160
N	s	61161
N	RMSD	61162
N	ğ‘	61163
N	sys	61164
N	area	61165
N	IH	61166
N	Norm	61167
N	GM	61168
N	dioxane	61169
N	Perf	61170
N	Mut	61171
N	Specht	61172
N	g	61173
N	x	61174
N	y	61175
N	wnchypg	61176
N	mwnchypg	61177
N	arcsec	61178
N	arccsc	61179
N	Erlang	61180
N	Exp	61181
N	Act	61182
N	dr	61183
N	MSQE	61184
N	mes	61185
N	support	61186
N	NW	61187
N	Del	61188
N	Ins	61189
N	Sub	61190
N	NWScore	61191
N	Hirschberg	61192
N	Cone	61193
N	Reduction	61194
N	Oxidation	61195
N	peroxidase	61196
N	Phosphorylation	61197
N	mean	61198
N	ğ‘	61199
N	set	61200
N	Nat	61201
N	sconv	61202
N	Luciferase	61203
N	ass	61204
N	Rad	61205
N	odds	61206
N	Aff	61207
N	OE	61208
N	J	61209
N	Bel	61210
N	Cart	61211
N	Core	61212
N	âŠ©Ì¸	61213
N	â‰ƒÌ¸	61214
N	MI	61215
N	nlz	61216
N	SR	61217
N	SP	61218
N	AC	61219
N	spin	61220
N	erfi	61221
N	res	61222
N	Shi	61223
N	Chi	61224
N	chi	61225
N	ci	61226
N	FPC	61227
N	Weight	61228
N	ric	61229
N	PU	61230
N	mex	61231
N	ğ– ğ—€	61232
N	Hdg	61233
N	mode	61234
N	State	61235
N	Homeo	61236
N	Con	61237
N	Fin	61238
N	EG	61239
N	PG	61240
N	LG	61241
N	BG	61242
N	DG	61243
N	de	61244
N	arcsin	61245
E	n	500
E	o	501
E	u	502
E	w	503
E	a	504
E	e	505
E	b	506
E	c	507
E	d	508
